{
    "metrics/precision(B)": 0.16843778753149238,
    "metrics/recall(B)": 0.04788732394366197,
    "metrics/mAP50(B)": 0.03486571694632599,
    "metrics/mAP50-95(B)": 0.010903269288814802,
    "fitness": 0.013299514054565921
}